cluster_id,perm_index,perm
5,0,0
0,1,1
3,2,2
5,3,3
0,4,4
1,5,5
5,6,6
5,7,7
0,8,8
5,9,9
5,10,10
3,11,11
4,12,12
5,13,13
0,14,14
3,15,15
1,16,16
2,17,17
0,18,18
3,19,19
3,20,20
0,21,21
4,22,22
1,23,23
3,24,24
1,25,25
2,26,26
0,27,27
2,28,28
4,29,29
0,30,30
3,31,31
0,32,32
1,33,33
1,34,34
4,35,35
2,36,36
1,37,37
0,38,38
0,39,39
2,40,40
1,41,41
3,42,42
1,43,43
3,44,44
0,45,45
0,46,46
0,47,47
3,48,48
0,49,49
2,50,50
2,51,51
5,52,52
1,53,53
4,54,54
3,55,55
5,56,56
0,57,57
3,58,58
3,59,59
2,60,60
1,61,61
0,62,62
3,63,63
3,64,64
1,65,65
0,66,66
5,67,67
1,68,68
5,69,69
5,70,70
0,71,71
5,72,72
1,73,73
2,74,74
1,75,75
3,76,76
2,77,77
5,78,78
3,79,79
4,80,80
0,81,81
5,82,82
1,83,83
1,84,84
1,85,85
0,86,86
0,87,87
3,88,88
2,89,89
5,90,90
0,91,91
1,92,92
5,93,93
1,94,94
1,95,95
1,96,96
2,97,97
2,98,98
1,99,99
4,100,100
0,101,101
1,102,102
0,103,103
0,104,104
2,105,105
5,106,106
5,107,107
5,108,108
1,109,109
4,110,110
2,111,111
4,112,112
0,113,113
1,114,114
1,115,115
1,116,116
1,117,117
5,118,118
5,119,119
4,120,120
0,121,121
1,122,122
4,123,123
2,124,124
2,125,125
3,126,126
1,127,127
0,128,128
3,129,129
0,130,130
1,131,131
2,132,132
4,133,133
1,134,134
3,135,135
5,136,136
1,137,137
4,138,138
0,139,139
5,140,140
2,141,141
1,142,142
2,143,143
1,144,144
2,145,145
0,146,146
5,147,147
0,148,148
5,149,149
5,150,150
2,151,151
1,152,152
5,153,153
0,154,154
2,155,155
1,156,156
3,157,157
2,158,158
5,159,159
5,160,160
0,161,161
2,162,162
2,163,163
3,164,164
2,165,165
5,166,166
1,167,167
3,168,168
0,169,169
0,170,170
4,171,171
3,172,172
0,173,173
5,174,174
4,175,175
2,176,176
0,177,177
2,178,178
1,179,179
4,180,180
0,181,181
1,182,182
5,183,183
4,184,184
2,185,185
1,186,186
0,187,187
1,188,188
1,189,189
5,190,190
1,191,191
1,192,192
1,193,193
2,194,194
3,195,195
5,196,196
3,197,197
2,198,198
2,199,199
2,200,200
5,201,201
1,202,202
4,203,203
0,204,204
2,205,205
4,206,206
0,207,207
0,208,208
3,209,209
1,210,210
4,211,211
2,212,212
0,213,213
5,214,214
5,215,215
3,216,216
5,217,217
2,218,218
1,219,219
2,220,220
1,221,221
0,222,222
2,223,223
5,224,224
0,225,225
1,226,226
5,227,227
1,228,228
4,229,229
2,230,230
2,231,231
0,232,232
4,233,233
2,234,234
1,235,235
2,236,236
2,237,237
3,238,238
0,239,239
1,240,240
0,241,241
0,242,242
5,243,243
3,244,244
1,245,245
5,246,246
2,247,247
1,248,248
1,249,249
0,250,250
1,251,251
3,252,252
1,253,253
2,254,254
1,255,255
5,256,256
3,257,257
2,258,258
3,259,259
3,260,260
2,261,261
5,262,262
4,263,263
0,264,264
2,265,265
0,266,266
0,267,267
3,268,268
2,269,269
4,270,270
1,271,271
0,272,272
1,273,273
0,274,274
1,275,275
1,276,276
5,277,277
0,278,278
0,279,279
2,280,280
4,281,281
0,282,282
5,283,283
2,284,284
4,285,285
2,286,286
0,287,287
5,288,288
4,289,289
3,290,290
2,291,291
1,292,292
1,293,293
4,294,294
1,295,295
2,296,296
4,297,297
1,298,298
3,299,299
1,300,300
4,301,301
4,302,302
4,303,303
0,304,304
4,305,305
0,306,306
0,307,307
2,308,308
2,309,309
1,310,310
3,311,311
1,312,312
0,313,313
4,314,314
1,315,315
5,316,316
4,317,317
4,318,318
1,319,319
4,320,320
1,321,321
0,322,322
0,323,323
1,324,324
0,325,325
0,326,326
0,327,327
1,328,328
1,329,329
0,330,330
1,331,331
4,332,332
4,333,333
1,334,334
0,335,335
4,336,336
3,337,337
0,338,338
1,339,339
3,340,340
0,341,341
2,342,342
1,343,343
1,344,344
3,345,345
0,346,346
4,347,347
1,348,348
1,349,349
0,350,350
1,351,351
1,352,352
5,353,353
0,354,354
0,355,355
2,356,356
2,357,357
1,358,358
5,359,359
5,360,360
0,361,361
0,362,362
4,363,363
0,364,364
5,365,365
3,366,366
2,367,367
3,368,368
1,369,369
5,370,370
2,371,371
0,372,372
2,373,373
4,374,374
0,375,375
5,376,376
0,377,377
1,378,378
0,379,379
2,380,380
4,381,381
0,382,382
4,383,383
1,384,384
1,385,385
0,386,386
1,387,387
1,388,388
1,389,389
0,390,390
3,391,391
3,392,392
0,393,393
5,394,394
4,395,395
3,396,396
2,397,397
1,398,398
3,399,399
2,400,400
0,401,401
0,402,402
0,403,403
4,404,404
1,405,405
1,406,406
2,407,407
3,408,408
2,409,409
3,410,410
0,411,411
5,412,412
0,413,413
1,414,414
2,415,415
2,416,416
2,417,417
5,418,418
1,419,419
2,420,420
2,421,421
3,422,422
1,423,423
5,424,424
0,425,425
4,426,426
5,427,427
0,428,428
0,429,429
0,430,430
2,431,431
0,432,432
5,433,433
3,434,434
0,435,435
0,436,436
1,437,437
5,438,438
3,439,439
0,440,440
2,441,441
1,442,442
3,443,443
1,444,444
5,445,445
1,446,446
1,447,447
4,448,448
0,449,449
2,450,450
1,451,451
2,452,452
4,453,453
0,454,454
1,455,455
0,456,456
5,457,457
3,458,458
1,459,459
3,460,460
2,461,461
0,462,462
0,463,463
5,464,464
2,465,465
3,466,466
1,467,467
1,468,468
2,469,469
2,470,470
0,471,471
2,472,472
0,473,473
2,474,474
2,475,475
3,476,476
1,477,477
0,478,478
2,479,479
3,480,480
3,481,481
1,482,482
2,483,483
4,484,484
2,485,485
0,486,486
0,487,487
4,488,488
1,489,489
1,490,490
0,491,491
1,492,492
1,493,493
2,494,494
4,495,495
0,496,496
1,497,497
3,498,498
2,499,499
1,500,500
1,501,501
1,502,502
1,503,503
3,504,504
4,505,505
1,506,506
5,507,507
0,508,508
0,509,509
5,510,510
5,511,511
1,512,512
3,513,513
3,514,514
4,515,515
1,516,516
2,517,517
4,518,518
2,519,519
1,520,520
3,521,521
5,522,522
2,523,523
1,524,524
0,525,525
4,526,526
1,527,527
0,528,528
2,529,529
5,530,530
0,531,531
2,532,532
0,533,533
0,534,534
0,535,535
0,536,536
2,537,537
2,538,538
5,539,539
3,540,540
5,541,541
5,542,542
2,543,543
1,544,544
4,545,545
0,546,546
3,547,547
1,548,548
0,549,549
2,550,550
0,551,551
3,552,552
1,553,553
1,554,554
0,555,555
1,556,556
5,557,557
0,558,558
2,559,559
2,560,560
0,561,561
0,562,562
0,563,563
2,564,564
3,565,565
0,566,566
3,567,567
0,568,568
0,569,569
1,570,570
4,571,571
0,572,572
0,573,573
2,574,574
0,575,575
0,576,576
3,577,577
4,578,578
1,579,579
3,580,580
3,581,581
3,582,582
5,583,583
3,584,584
2,585,585
0,586,586
2,587,587
1,588,588
3,589,589
5,590,590
5,591,591
2,592,592
2,593,593
5,594,594
0,595,595
3,596,596
5,597,597
0,598,598
0,599,599
2,600,600
4,601,601
2,602,602
4,603,603
4,604,604
5,605,605
0,606,606
5,607,607
4,608,608
0,609,609
5,610,610
5,611,611
5,612,612
1,613,613
0,614,614
4,615,615
1,616,616
0,617,617
5,618,618
0,619,619
0,620,620
3,621,621
3,622,622
3,623,623
4,624,624
5,625,625
0,626,626
5,627,627
2,628,628
0,629,629
0,630,630
2,631,631
2,632,632
5,633,633
1,634,634
0,635,635
1,636,636
2,637,637
1,638,638
2,639,639
1,640,640
5,641,641
5,642,642
0,643,643
1,644,644
1,645,645
1,646,646
0,647,647
3,648,648
0,649,649
4,650,650
1,651,651
1,652,652
2,653,653
1,654,654
2,655,655
1,656,656
5,657,657
0,658,658
4,659,659
1,660,660
2,661,661
0,662,662
0,663,663
5,664,664
0,665,665
2,666,666
2,667,667
4,668,668
1,669,669
1,670,670
1,671,671
0,672,672
1,673,673
2,674,674
2,675,675
0,676,676
4,677,677
1,678,678
1,679,679
0,680,680
3,681,681
0,682,682
0,683,683
0,684,684
2,685,685
3,686,686
2,687,687
0,688,688
5,689,689
1,690,690
5,691,691
4,692,692
3,693,693
0,694,694
5,695,695
5,696,696
3,697,697
5,698,698
0,699,699
1,700,700
5,701,701
0,702,702
1,703,703
1,704,704
2,705,705
1,706,706
5,707,707
3,708,708
2,709,709
1,710,710
5,711,711
4,712,712
2,713,713
1,714,714
0,715,715
2,716,716
2,717,717
4,718,718
1,719,719
4,720,720
3,721,721
5,722,722
0,723,723
3,724,724
3,725,725
1,726,726
1,727,727
4,728,728
4,729,729
0,730,730
3,731,731
1,732,732
1,733,733
0,734,734
2,735,735
1,736,736
1,737,737
1,738,738
3,739,739
0,740,740
5,741,741
0,742,742
0,743,743
0,744,744
5,745,745
0,746,746
3,747,747
0,748,748
2,749,749
0,750,750
0,751,751
4,752,752
1,753,753
1,754,754
0,755,755
1,756,756
0,757,757
4,758,758
0,759,759
2,760,760
4,761,761
2,762,762
4,763,763
0,764,764
2,765,765
3,766,766
3,767,767
1,768,768
4,769,769
1,770,770
2,771,771
0,772,772
2,773,773
4,774,774
4,775,775
5,776,776
0,777,777
0,778,778
3,779,779
0,780,780
1,781,781
3,782,782
5,783,783
5,784,784
4,785,785
0,786,786
1,787,787
1,788,788
1,789,789
2,790,790
2,791,791
0,792,792
2,793,793
4,794,794
0,795,795
1,796,796
1,797,797
0,798,798
2,799,799
1,800,800
1,801,801
1,802,802
4,803,803
0,804,804
0,805,805
0,806,806
2,807,807
3,808,808
0,809,809
0,810,810
1,811,811
2,812,812
4,813,813
2,814,814
1,815,815
4,816,816
1,817,817
0,818,818
2,819,819
1,820,820
0,821,821
3,822,822
1,823,823
1,824,824
2,825,825
5,826,826
2,827,827
1,828,828
3,829,829
4,830,830
0,831,831
1,832,832
5,833,833
4,834,834
5,835,835
0,836,836
0,837,837
4,838,838
4,839,839
0,840,840
0,841,841
3,842,842
2,843,843
5,844,844
3,845,845
4,846,846
3,847,847
3,848,848
2,849,849
1,850,850
2,851,851
0,852,852
2,853,853
0,854,854
3,855,855
3,856,856
3,857,857
2,858,858
5,859,859
1,860,860
4,861,861
1,862,862
0,863,863
1,864,864
1,865,865
4,866,866
1,867,867
1,868,868
0,869,869
4,870,870
3,871,871
1,872,872
5,873,873
1,874,874
5,875,875
4,876,876
0,877,877
1,878,878
5,879,879
0,880,880
5,881,881
0,882,882
0,883,883
2,884,884
2,885,885
2,886,886
2,887,887
4,888,888
2,889,889
0,890,890
5,891,891
1,892,892
0,893,893
2,894,894
1,895,895
2,896,896
4,897,897
0,898,898
1,899,899
2,900,900
1,901,901
0,902,902
5,903,903
1,904,904
2,905,905
5,906,906
4,907,907
3,908,908
1,909,909
2,910,910
5,911,911
1,912,912
3,913,913
0,914,914
4,915,915
1,916,916
4,917,917
3,918,918
0,919,919
2,920,920
2,921,921
3,922,922
4,923,923
1,924,924
4,925,925
2,926,926
1,927,927
0,928,928
1,929,929
2,930,930
4,931,931
5,932,932
1,933,933
3,934,934
3,935,935
3,936,936
2,937,937
0,938,938
0,939,939
2,940,940
0,941,941
1,942,942
1,943,943
1,944,944
0,945,945
4,946,946
2,947,947
0,948,948
0,949,949
1,950,950
2,951,951
4,952,952
1,953,953
0,954,954
3,955,955
1,956,956
2,957,957
5,958,958
2,959,959
5,960,960
0,961,961
2,962,962
1,963,963
2,964,964
5,965,965
2,966,966
0,967,967
4,968,968
0,969,969
1,970,970
2,971,971
1,972,972
5,973,973
0,974,974
1,975,975
4,976,976
0,977,977
1,978,978
1,979,979
1,980,980
0,981,981
3,982,982
5,983,983
1,984,984
2,985,985
1,986,986
2,987,987
5,988,988
1,989,989
5,990,990
2,991,991
2,992,992
1,993,993
3,994,994
2,995,995
0,996,996
0,997,997
2,998,998
2,999,999
1,1000,1000
3,1001,1001
2,1002,1002
3,1003,1003
4,1004,1004
3,1005,1005
1,1006,1006
2,1007,1007
4,1008,1008
2,1009,1009
1,1010,1010
2,1011,1011
1,1012,1012
4,1013,1013
0,1014,1014
1,1015,1015
4,1016,1016
5,1017,1017
5,1018,1018
3,1019,1019
2,1020,1020
0,1021,1021
1,1022,1022
5,1023,1023
5,1024,1024
0,1025,1025
5,1026,1026
4,1027,1027
1,1028,1028
5,1029,1029
0,1030,1030
0,1031,1031
0,1032,1032
1,1033,1033
0,1034,1034
5,1035,1035
0,1036,1036
0,1037,1037
0,1038,1038
1,1039,1039
4,1040,1040
5,1041,1041
4,1042,1042
0,1043,1043
3,1044,1044
5,1045,1045
0,1046,1046
2,1047,1047
2,1048,1048
4,1049,1049
0,1050,1050
0,1051,1051
0,1052,1052
2,1053,1053
1,1054,1054
1,1055,1055
1,1056,1056
5,1057,1057
3,1058,1058
0,1059,1059
2,1060,1060
1,1061,1061
3,1062,1062
3,1063,1063
4,1064,1064
1,1065,1065
2,1066,1066
1,1067,1067
5,1068,1068
5,1069,1069
3,1070,1070
0,1071,1071
5,1072,1072
4,1073,1073
4,1074,1074
5,1075,1075
4,1076,1076
0,1077,1077
5,1078,1078
2,1079,1079
1,1080,1080
4,1081,1081
2,1082,1082
4,1083,1083
1,1084,1084
1,1085,1085
0,1086,1086
2,1087,1087
0,1088,1088
4,1089,1089
0,1090,1090
2,1091,1091
1,1092,1092
1,1093,1093
1,1094,1094
4,1095,1095
1,1096,1096
4,1097,1097
0,1098,1098
5,1099,1099
2,1100,1100
3,1101,1101
3,1102,1102
1,1103,1103
0,1104,1104
4,1105,1105
5,1106,1106
3,1107,1107
1,1108,1108
0,1109,1109
1,1110,1110
2,1111,1111
1,1112,1112
2,1113,1113
2,1114,1114
1,1115,1115
5,1116,1116
5,1117,1117
0,1118,1118
1,1119,1119
0,1120,1120
2,1121,1121
4,1122,1122
3,1123,1123
0,1124,1124
0,1125,1125
0,1126,1126
2,1127,1127
1,1128,1128
0,1129,1129
5,1130,1130
1,1131,1131
3,1132,1132
4,1133,1133
4,1134,1134
1,1135,1135
0,1136,1136
3,1137,1137
1,1138,1138
5,1139,1139
3,1140,1140
2,1141,1141
3,1142,1142
0,1143,1143
2,1144,1144
2,1145,1145
0,1146,1146
5,1147,1147
0,1148,1148
3,1149,1149
2,1150,1150
0,1151,1151
5,1152,1152
4,1153,1153
0,1154,1154
3,1155,1155
4,1156,1156
5,1157,1157
5,1158,1158
3,1159,1159
3,1160,1160
0,1161,1161
2,1162,1162
1,1163,1163
3,1164,1164
1,1165,1165
0,1166,1166
2,1167,1167
2,1168,1168
1,1169,1169
2,1170,1170
0,1171,1171
5,1172,1172
5,1173,1173
0,1174,1174
1,1175,1175
5,1176,1176
4,1177,1177
1,1178,1178
0,1179,1179
0,1180,1180
2,1181,1181
1,1182,1182
0,1183,1183
2,1184,1184
0,1185,1185
0,1186,1186
2,1187,1187
5,1188,1188
5,1189,1189
2,1190,1190
4,1191,1191
2,1192,1192
5,1193,1193
2,1194,1194
0,1195,1195
1,1196,1196
0,1197,1197
1,1198,1198
4,1199,1199
2,1200,1200
0,1201,1201
1,1202,1202
2,1203,1203
5,1204,1204
0,1205,1205
5,1206,1206
0,1207,1207
0,1208,1208
0,1209,1209
1,1210,1210
2,1211,1211
1,1212,1212
5,1213,1213
2,1214,1214
3,1215,1215
0,1216,1216
1,1217,1217
5,1218,1218
1,1219,1219
1,1220,1220
2,1221,1221
2,1222,1222
1,1223,1223
0,1224,1224
1,1225,1225
1,1226,1226
1,1227,1227
3,1228,1228
2,1229,1229
1,1230,1230
4,1231,1231
1,1232,1232
2,1233,1233
2,1234,1234
5,1235,1235
3,1236,1236
0,1237,1237
1,1238,1238
4,1239,1239
3,1240,1240
0,1241,1241
2,1242,1242
5,1243,1243
2,1244,1244
2,1245,1245
2,1246,1246
2,1247,1247
3,1248,1248
5,1249,1249
4,1250,1250
4,1251,1251
0,1252,1252
1,1253,1253
3,1254,1254
1,1255,1255
0,1256,1256
3,1257,1257
1,1258,1258
1,1259,1259
5,1260,1260
2,1261,1261
0,1262,1262
2,1263,1263
1,1264,1264
3,1265,1265
0,1266,1266
4,1267,1267
1,1268,1268
3,1269,1269
2,1270,1270
1,1271,1271
2,1272,1272
0,1273,1273
1,1274,1274
5,1275,1275
0,1276,1276
2,1277,1277
0,1278,1278
2,1279,1279
3,1280,1280
1,1281,1281
2,1282,1282
1,1283,1283
0,1284,1284
2,1285,1285
5,1286,1286
5,1287,1287
1,1288,1288
0,1289,1289
2,1290,1290
4,1291,1291
3,1292,1292
2,1293,1293
3,1294,1294
1,1295,1295
1,1296,1296
2,1297,1297
5,1298,1298
2,1299,1299
2,1300,1300
0,1301,1301
2,1302,1302
4,1303,1303
3,1304,1304
2,1305,1305
1,1306,1306
3,1307,1307
4,1308,1308
4,1309,1309
2,1310,1310
1,1311,1311
0,1312,1312
0,1313,1313
3,1314,1314
0,1315,1315
1,1316,1316
3,1317,1317
2,1318,1318
3,1319,1319
0,1320,1320
4,1321,1321
2,1322,1322
4,1323,1323
2,1324,1324
0,1325,1325
4,1326,1326
1,1327,1327
0,1328,1328
0,1329,1329
3,1330,1330
2,1331,1331
1,1332,1332
1,1333,1333
1,1334,1334
2,1335,1335
0,1336,1336
1,1337,1337
5,1338,1338
1,1339,1339
5,1340,1340
1,1341,1341
0,1342,1342
0,1343,1343
3,1344,1344
0,1345,1345
4,1346,1346
2,1347,1347
0,1348,1348
1,1349,1349
1,1350,1350
1,1351,1351
0,1352,1352
4,1353,1353
1,1354,1354
3,1355,1355
1,1356,1356
4,1357,1357
5,1358,1358
0,1359,1359
4,1360,1360
3,1361,1361
3,1362,1362
1,1363,1363
4,1364,1364
4,1365,1365
5,1366,1366
0,1367,1367
4,1368,1368
0,1369,1369
1,1370,1370
1,1371,1371
3,1372,1372
1,1373,1373
4,1374,1374
4,1375,1375
0,1376,1376
1,1377,1377
1,1378,1378
1,1379,1379
0,1380,1380
0,1381,1381
1,1382,1382
2,1383,1383
3,1384,1384
0,1385,1385
0,1386,1386
1,1387,1387
1,1388,1388
0,1389,1389
1,1390,1390
3,1391,1391
4,1392,1392
1,1393,1393
2,1394,1394
2,1395,1395
1,1396,1396
1,1397,1397
0,1398,1398
5,1399,1399
0,1400,1400
0,1401,1401
0,1402,1402
2,1403,1403
1,1404,1404
2,1405,1405
5,1406,1406
1,1407,1407
4,1408,1408
3,1409,1409
1,1410,1410
3,1411,1411
0,1412,1412
4,1413,1413
1,1414,1414
2,1415,1415
1,1416,1416
2,1417,1417
5,1418,1418
1,1419,1419
1,1420,1420
1,1421,1421
0,1422,1422
0,1423,1423
5,1424,1424
1,1425,1425
4,1426,1426
5,1427,1427
2,1428,1428
1,1429,1429
2,1430,1430
4,1431,1431
2,1432,1432
4,1433,1433
2,1434,1434
0,1435,1435
0,1436,1436
1,1437,1437
3,1438,1438
0,1439,1439
3,1440,1440
3,1441,1441
3,1442,1442
5,1443,1443
3,1444,1444
5,1445,1445
3,1446,1446
4,1447,1447
1,1448,1448
2,1449,1449
2,1450,1450
0,1451,1451
1,1452,1452
0,1453,1453
3,1454,1454
1,1455,1455
2,1456,1456
2,1457,1457
2,1458,1458
2,1459,1459
2,1460,1460
1,1461,1461
2,1462,1462
2,1463,1463
1,1464,1464
3,1465,1465
1,1466,1466
5,1467,1467
4,1468,1468
3,1469,1469
3,1470,1470
3,1471,1471
1,1472,1472
3,1473,1473
3,1474,1474
1,1475,1475
1,1476,1476
1,1477,1477
3,1478,1478
0,1479,1479
4,1480,1480
4,1481,1481
3,1482,1482
4,1483,1483
0,1484,1484
3,1485,1485
5,1486,1486
0,1487,1487
3,1488,1488
3,1489,1489
0,1490,1490
1,1491,1491
0,1492,1492
2,1493,1493
2,1494,1494
5,1495,1495
2,1496,1496
1,1497,1497
2,1498,1498
4,1499,1499
0,1500,1500
3,1501,1501
3,1502,1502
3,1503,1503
0,1504,1504
0,1505,1505
5,1506,1506
0,1507,1507
4,1508,1508
1,1509,1509
3,1510,1510
1,1511,1511
0,1512,1512
4,1513,1513
0,1514,1514
0,1515,1515
0,1516,1516
5,1517,1517
2,1518,1518
2,1519,1519
5,1520,1520
1,1521,1521
2,1522,1522
2,1523,1523
1,1524,1524
5,1525,1525
4,1526,1526
2,1527,1527
0,1528,1528
1,1529,1529
0,1530,1530
0,1531,1531
1,1532,1532
1,1533,1533
5,1534,1534
3,1535,1535
3,1536,1536
2,1537,1537
1,1538,1538
0,1539,1539
5,1540,1540
4,1541,1541
3,1542,1542
5,1543,1543
3,1544,1544
1,1545,1545
3,1546,1546
2,1547,1547
3,1548,1548
3,1549,1549
1,1550,1550
0,1551,1551
0,1552,1552
5,1553,1553
5,1554,1554
5,1555,1555
4,1556,1556
1,1557,1557
3,1558,1558
3,1559,1559
1,1560,1560
1,1561,1561
2,1562,1562
5,1563,1563
5,1564,1564
3,1565,1565
3,1566,1566
3,1567,1567
0,1568,1568
2,1569,1569
3,1570,1570
0,1571,1571
1,1572,1572
2,1573,1573
1,1574,1574
2,1575,1575
1,1576,1576
2,1577,1577
4,1578,1578
4,1579,1579
2,1580,1580
2,1581,1581
1,1582,1582
1,1583,1583
5,1584,1584
4,1585,1585
5,1586,1586
2,1587,1587
1,1588,1588
4,1589,1589
0,1590,1590
4,1591,1591
2,1592,1592
5,1593,1593
4,1594,1594
0,1595,1595
4,1596,1596
4,1597,1597
1,1598,1598
0,1599,1599
3,1600,1600
0,1601,1601
4,1602,1602
3,1603,1603
2,1604,1604
5,1605,1605
0,1606,1606
0,1607,1607
4,1608,1608
1,1609,1609
0,1610,1610
3,1611,1611
4,1612,1612
0,1613,1613
5,1614,1614
3,1615,1615
0,1616,1616
0,1617,1617
5,1618,1618
1,1619,1619
0,1620,1620
0,1621,1621
0,1622,1622
3,1623,1623
5,1624,1624
2,1625,1625
2,1626,1626
5,1627,1627
1,1628,1628
3,1629,1629
3,1630,1630
0,1631,1631
0,1632,1632
1,1633,1633
5,1634,1634
5,1635,1635
5,1636,1636
3,1637,1637
2,1638,1638
1,1639,1639
2,1640,1640
5,1641,1641
2,1642,1642
0,1643,1643
1,1644,1644
0,1645,1645
3,1646,1646
0,1647,1647
0,1648,1648
1,1649,1649
1,1650,1650
1,1651,1651
5,1652,1652
1,1653,1653
1,1654,1654
2,1655,1655
0,1656,1656
2,1657,1657
2,1658,1658
1,1659,1659
4,1660,1660
4,1661,1661
1,1662,1662
0,1663,1663
4,1664,1664
2,1665,1665
0,1666,1666
1,1667,1667
3,1668,1668
1,1669,1669
1,1670,1670
3,1671,1671
1,1672,1672
1,1673,1673
4,1674,1674
2,1675,1675
4,1676,1676
1,1677,1677
0,1678,1678
4,1679,1679
5,1680,1680
4,1681,1681
0,1682,1682
0,1683,1683
5,1684,1684
0,1685,1685
0,1686,1686
0,1687,1687
0,1688,1688
4,1689,1689
1,1690,1690
0,1691,1691
4,1692,1692
3,1693,1693
3,1694,1694
4,1695,1695
4,1696,1696
0,1697,1697
0,1698,1698
4,1699,1699
1,1700,1700
2,1701,1701
0,1702,1702
1,1703,1703
4,1704,1704
2,1705,1705
0,1706,1706
1,1707,1707
4,1708,1708
5,1709,1709
1,1710,1710
2,1711,1711
0,1712,1712
0,1713,1713
1,1714,1714
3,1715,1715
1,1716,1716
1,1717,1717
5,1718,1718
3,1719,1719
0,1720,1720
0,1721,1721
5,1722,1722
4,1723,1723
4,1724,1724
3,1725,1725
3,1726,1726
0,1727,1727
3,1728,1728
3,1729,1729
4,1730,1730
2,1731,1731
0,1732,1732
1,1733,1733
3,1734,1734
5,1735,1735
0,1736,1736
4,1737,1737
2,1738,1738
3,1739,1739
5,1740,1740
1,1741,1741
3,1742,1742
5,1743,1743
2,1744,1744
4,1745,1745
2,1746,1746
1,1747,1747
3,1748,1748
5,1749,1749
0,1750,1750
1,1751,1751
1,1752,1752
4,1753,1753
1,1754,1754
1,1755,1755
2,1756,1756
1,1757,1757
1,1758,1758
0,1759,1759
1,1760,1760
4,1761,1761
0,1762,1762
1,1763,1763
3,1764,1764
2,1765,1765
2,1766,1766
0,1767,1767
3,1768,1768
2,1769,1769
3,1770,1770
1,1771,1771
0,1772,1772
3,1773,1773
4,1774,1774
4,1775,1775
1,1776,1776
1,1777,1777
3,1778,1778
3,1779,1779
5,1780,1780
2,1781,1781
0,1782,1782
2,1783,1783
2,1784,1784
0,1785,1785
4,1786,1786
5,1787,1787
4,1788,1788
1,1789,1789
4,1790,1790
0,1791,1791
3,1792,1792
1,1793,1793
5,1794,1794
0,1795,1795
3,1796,1796
4,1797,1797
4,1798,1798
5,1799,1799
2,1800,1800
1,1801,1801
0,1802,1802
4,1803,1803
2,1804,1804
1,1805,1805
0,1806,1806
1,1807,1807
0,1808,1808
2,1809,1809
2,1810,1810
2,1811,1811
1,1812,1812
1,1813,1813
0,1814,1814
4,1815,1815
3,1816,1816
5,1817,1817
1,1818,1818
3,1819,1819
0,1820,1820
5,1821,1821
0,1822,1822
0,1823,1823
3,1824,1824
0,1825,1825
2,1826,1826
1,1827,1827
1,1828,1828
1,1829,1829
0,1830,1830
4,1831,1831
1,1832,1832
5,1833,1833
4,1834,1834
0,1835,1835
0,1836,1836
5,1837,1837
2,1838,1838
2,1839,1839
0,1840,1840
5,1841,1841
5,1842,1842
0,1843,1843
1,1844,1844
0,1845,1845
1,1846,1846
5,1847,1847
5,1848,1848
2,1849,1849
0,1850,1850
0,1851,1851
1,1852,1852
5,1853,1853
4,1854,1854
2,1855,1855
2,1856,1856
3,1857,1857
2,1858,1858
2,1859,1859
5,1860,1860
0,1861,1861
0,1862,1862
0,1863,1863
1,1864,1864
0,1865,1865
1,1866,1866
3,1867,1867
4,1868,1868
2,1869,1869
3,1870,1870
1,1871,1871
1,1872,1872
3,1873,1873
1,1874,1874
4,1875,1875
1,1876,1876
1,1877,1877
5,1878,1878
0,1879,1879
3,1880,1880
3,1881,1881
0,1882,1882
0,1883,1883
0,1884,1884
0,1885,1885
1,1886,1886
4,1887,1887
1,1888,1888
1,1889,1889
3,1890,1890
3,1891,1891
1,1892,1892
4,1893,1893
1,1894,1894
5,1895,1895
2,1896,1896
0,1897,1897
0,1898,1898
5,1899,1899
2,1900,1900
2,1901,1901
1,1902,1902
2,1903,1903
3,1904,1904
3,1905,1905
5,1906,1906
1,1907,1907
1,1908,1908
2,1909,1909
3,1910,1910
4,1911,1911
0,1912,1912
5,1913,1913
1,1914,1914
1,1915,1915
0,1916,1916
2,1917,1917
1,1918,1918
0,1919,1919
4,1920,1920
1,1921,1921
2,1922,1922
1,1923,1923
2,1924,1924
2,1925,1925
0,1926,1926
5,1927,1927
2,1928,1928
0,1929,1929
2,1930,1930
1,1931,1931
5,1932,1932
1,1933,1933
0,1934,1934
2,1935,1935
2,1936,1936
4,1937,1937
2,1938,1938
1,1939,1939
3,1940,1940
5,1941,1941
2,1942,1942
1,1943,1943
2,1944,1944
0,1945,1945
0,1946,1946
1,1947,1947
4,1948,1948
3,1949,1949
0,1950,1950
2,1951,1951
5,1952,1952
3,1953,1953
1,1954,1954
4,1955,1955
0,1956,1956
4,1957,1957
2,1958,1958
2,1959,1959
5,1960,1960
0,1961,1961
1,1962,1962
0,1963,1963
0,1964,1964
0,1965,1965
0,1966,1966
1,1967,1967
4,1968,1968
5,1969,1969
3,1970,1970
3,1971,1971
1,1972,1972
5,1973,1973
0,1974,1974
1,1975,1975
4,1976,1976
0,1977,1977
5,1978,1978
1,1979,1979
0,1980,1980
5,1981,1981
0,1982,1982
3,1983,1983
0,1984,1984
1,1985,1985
0,1986,1986
2,1987,1987
2,1988,1988
0,1989,1989
4,1990,1990
0,1991,1991
5,1992,1992
0,1993,1993
1,1994,1994
1,1995,1995
2,1996,1996
2,1997,1997
1,1998,1998
1,1999,1999
1,2000,2000
3,2001,2001
2,2002,2002
4,2003,2003
4,2004,2004
0,2005,2005
1,2006,2006
0,2007,2007
1,2008,2008
0,2009,2009
2,2010,2010
1,2011,2011
1,2012,2012
1,2013,2013
3,2014,2014
3,2015,2015
5,2016,2016
5,2017,2017
1,2018,2018
5,2019,2019
5,2020,2020
1,2021,2021
1,2022,2022
1,2023,2023
5,2024,2024
1,2025,2025
0,2026,2026
4,2027,2027
2,2028,2028
2,2029,2029
1,2030,2030
1,2031,2031
3,2032,2032
0,2033,2033
1,2034,2034
1,2035,2035
1,2036,2036
5,2037,2037
0,2038,2038
3,2039,2039
0,2040,2040
1,2041,2041
5,2042,2042
0,2043,2043
2,2044,2044
2,2045,2045
1,2046,2046
3,2047,2047
4,2048,2048
5,2049,2049
4,2050,2050
5,2051,2051
2,2052,2052
5,2053,2053
4,2054,2054
0,2055,2055
2,2056,2056
4,2057,2057
1,2058,2058
1,2059,2059
5,2060,2060
2,2061,2061
0,2062,2062
0,2063,2063
1,2064,2064
3,2065,2065
0,2066,2066
3,2067,2067
4,2068,2068
5,2069,2069
4,2070,2070
1,2071,2071
0,2072,2072
2,2073,2073
1,2074,2074
5,2075,2075
1,2076,2076
5,2077,2077
4,2078,2078
1,2079,2079
0,2080,2080
5,2081,2081
0,2082,2082
3,2083,2083
4,2084,2084
4,2085,2085
5,2086,2086
4,2087,2087
2,2088,2088
1,2089,2089
3,2090,2090
2,2091,2091
3,2092,2092
1,2093,2093
5,2094,2094
3,2095,2095
0,2096,2096
3,2097,2097
1,2098,2098
5,2099,2099
4,2100,2100
0,2101,2101
4,2102,2102
5,2103,2103
4,2104,2104
2,2105,2105
4,2106,2106
3,2107,2107
5,2108,2108
3,2109,2109
5,2110,2110
1,2111,2111
0,2112,2112
0,2113,2113
0,2114,2114
1,2115,2115
4,2116,2116
0,2117,2117
2,2118,2118
5,2119,2119
2,2120,2120
1,2121,2121
0,2122,2122
5,2123,2123
0,2124,2124
2,2125,2125
5,2126,2126
2,2127,2127
1,2128,2128
2,2129,2129
0,2130,2130
2,2131,2131
3,2132,2132
1,2133,2133
0,2134,2134
3,2135,2135
4,2136,2136
0,2137,2137
2,2138,2138
3,2139,2139
1,2140,2140
1,2141,2141
1,2142,2142
2,2143,2143
4,2144,2144
3,2145,2145
1,2146,2146
5,2147,2147
3,2148,2148
2,2149,2149
1,2150,2150
3,2151,2151
4,2152,2152
0,2153,2153
2,2154,2154
3,2155,2155
1,2156,2156
1,2157,2157
4,2158,2158
2,2159,2159
2,2160,2160
1,2161,2161
1,2162,2162
2,2163,2163
3,2164,2164
0,2165,2165
1,2166,2166
1,2167,2167
0,2168,2168
5,2169,2169
1,2170,2170
2,2171,2171
1,2172,2172
2,2173,2173
4,2174,2174
3,2175,2175
5,2176,2176
0,2177,2177
1,2178,2178
3,2179,2179
5,2180,2180
4,2181,2181
0,2182,2182
4,2183,2183
4,2184,2184
1,2185,2185
3,2186,2186
1,2187,2187
2,2188,2188
2,2189,2189
2,2190,2190
1,2191,2191
2,2192,2192
5,2193,2193
5,2194,2194
5,2195,2195
5,2196,2196
1,2197,2197
2,2198,2198
3,2199,2199
0,2200,2200
0,2201,2201
1,2202,2202
4,2203,2203
3,2204,2204
0,2205,2205
4,2206,2206
1,2207,2207
2,2208,2208
1,2209,2209
5,2210,2210
1,2211,2211
2,2212,2212
1,2213,2213
3,2214,2214
1,2215,2215
0,2216,2216
0,2217,2217
2,2218,2218
5,2219,2219
2,2220,2220
2,2221,2221
5,2222,2222
3,2223,2223
0,2224,2224
0,2225,2225
4,2226,2226
4,2227,2227
0,2228,2228
5,2229,2229
3,2230,2230
5,2231,2231
1,2232,2232
2,2233,2233
2,2234,2234
5,2235,2235
0,2236,2236
4,2237,2237
2,2238,2238
5,2239,2239
1,2240,2240
3,2241,2241
5,2242,2242
1,2243,2243
0,2244,2244
4,2245,2245
2,2246,2246
1,2247,2247
1,2248,2248
1,2249,2249
1,2250,2250
5,2251,2251
1,2252,2252
1,2253,2253
0,2254,2254
5,2255,2255
0,2256,2256
2,2257,2257
3,2258,2258
4,2259,2259
5,2260,2260
2,2261,2261
1,2262,2262
2,2263,2263
0,2264,2264
0,2265,2265
4,2266,2266
3,2267,2267
0,2268,2268
2,2269,2269
0,2270,2270
3,2271,2271
4,2272,2272
1,2273,2273
3,2274,2274
2,2275,2275
1,2276,2276
0,2277,2277
0,2278,2278
1,2279,2279
2,2280,2280
4,2281,2281
3,2282,2282
1,2283,2283
1,2284,2284
0,2285,2285
3,2286,2286
2,2287,2287
3,2288,2288
5,2289,2289
0,2290,2290
4,2291,2291
0,2292,2292
5,2293,2293
3,2294,2294
4,2295,2295
5,2296,2296
5,2297,2297
5,2298,2298
0,2299,2299
2,2300,2300
4,2301,2301
0,2302,2302
3,2303,2303
4,2304,2304
0,2305,2305
1,2306,2306
0,2307,2307
1,2308,2308
0,2309,2309
2,2310,2310
1,2311,2311
3,2312,2312
5,2313,2313
5,2314,2314
0,2315,2315
3,2316,2316
2,2317,2317
2,2318,2318
4,2319,2319
3,2320,2320
0,2321,2321
1,2322,2322
3,2323,2323
1,2324,2324
3,2325,2325
1,2326,2326
2,2327,2327
4,2328,2328
1,2329,2329
5,2330,2330
0,2331,2331
2,2332,2332
2,2333,2333
1,2334,2334
4,2335,2335
4,2336,2336
0,2337,2337
1,2338,2338
2,2339,2339
5,2340,2340
0,2341,2341
5,2342,2342
0,2343,2343
0,2344,2344
0,2345,2345
2,2346,2346
2,2347,2347
2,2348,2348
0,2349,2349
2,2350,2350
2,2351,2351
2,2352,2352
1,2353,2353
1,2354,2354
0,2355,2355
3,2356,2356
2,2357,2357
0,2358,2358
1,2359,2359
1,2360,2360
5,2361,2361
1,2362,2362
0,2363,2363
5,2364,2364
2,2365,2365
0,2366,2366
0,2367,2367
1,2368,2368
2,2369,2369
5,2370,2370
1,2371,2371
0,2372,2372
4,2373,2373
0,2374,2374
3,2375,2375
2,2376,2376
2,2377,2377
0,2378,2378
0,2379,2379
3,2380,2380
2,2381,2381
2,2382,2382
0,2383,2383
2,2384,2384
0,2385,2385
1,2386,2386
4,2387,2387
2,2388,2388
2,2389,2389
4,2390,2390
4,2391,2391
4,2392,2392
0,2393,2393
3,2394,2394
1,2395,2395
2,2396,2396
1,2397,2397
0,2398,2398
2,2399,2399
2,2400,2400
3,2401,2401
1,2402,2402
3,2403,2403
4,2404,2404
1,2405,2405
1,2406,2406
1,2407,2407
4,2408,2408
3,2409,2409
1,2410,2410
1,2411,2411
0,2412,2412
2,2413,2413
1,2414,2414
5,2415,2415
3,2416,2416
1,2417,2417
2,2418,2418
2,2419,2419
1,2420,2420
1,2421,2421
0,2422,2422
0,2423,2423
3,2424,2424
1,2425,2425
3,2426,2426
0,2427,2427
1,2428,2428
0,2429,2429
1,2430,2430
2,2431,2431
0,2432,2432
5,2433,2433
0,2434,2434
3,2435,2435
0,2436,2436
0,2437,2437
0,2438,2438
2,2439,2439
1,2440,2440
2,2441,2441
0,2442,2442
0,2443,2443
0,2444,2444
3,2445,2445
2,2446,2446
0,2447,2447
5,2448,2448
3,2449,2449
3,2450,2450
5,2451,2451
1,2452,2452
0,2453,2453
4,2454,2454
5,2455,2455
5,2456,2456
0,2457,2457
5,2458,2458
0,2459,2459
0,2460,2460
2,2461,2461
5,2462,2462
3,2463,2463
3,2464,2464
1,2465,2465
0,2466,2466
2,2467,2467
2,2468,2468
5,2469,2469
2,2470,2470
0,2471,2471
5,2472,2472
1,2473,2473
0,2474,2474
3,2475,2475
1,2476,2476
2,2477,2477
1,2478,2478
2,2479,2479
4,2480,2480
3,2481,2481
3,2482,2482
5,2483,2483
1,2484,2484
0,2485,2485
1,2486,2486
0,2487,2487
0,2488,2488
0,2489,2489
1,2490,2490
5,2491,2491
3,2492,2492
2,2493,2493
0,2494,2494
3,2495,2495
4,2496,2496
2,2497,2497
4,2498,2498
1,2499,2499
3,2500,2500
1,2501,2501
4,2502,2502
1,2503,2503
2,2504,2504
0,2505,2505
1,2506,2506
5,2507,2507
5,2508,2508
2,2509,2509
1,2510,2510
3,2511,2511
0,2512,2512
3,2513,2513
4,2514,2514
5,2515,2515
1,2516,2516
3,2517,2517
3,2518,2518
0,2519,2519
5,2520,2520
4,2521,2521
1,2522,2522
0,2523,2523
3,2524,2524
5,2525,2525
5,2526,2526
5,2527,2527
1,2528,2528
0,2529,2529
2,2530,2530
4,2531,2531
5,2532,2532
5,2533,2533
1,2534,2534
4,2535,2535
1,2536,2536
2,2537,2537
4,2538,2538
4,2539,2539
1,2540,2540
3,2541,2541
3,2542,2542
2,2543,2543
0,2544,2544
0,2545,2545
0,2546,2546
2,2547,2547
2,2548,2548
5,2549,2549
1,2550,2550
3,2551,2551
3,2552,2552
2,2553,2553
0,2554,2554
3,2555,2555
1,2556,2556
2,2557,2557
4,2558,2558
4,2559,2559
1,2560,2560
0,2561,2561
0,2562,2562
0,2563,2563
0,2564,2564
2,2565,2565
1,2566,2566
1,2567,2567
3,2568,2568
2,2569,2569
2,2570,2570
1,2571,2571
2,2572,2572
1,2573,2573
2,2574,2574
0,2575,2575
3,2576,2576
2,2577,2577
1,2578,2578
4,2579,2579
4,2580,2580
4,2581,2581
0,2582,2582
5,2583,2583
3,2584,2584
2,2585,2585
2,2586,2586
5,2587,2587
2,2588,2588
5,2589,2589
3,2590,2590
1,2591,2591
1,2592,2592
3,2593,2593
1,2594,2594
2,2595,2595
2,2596,2596
2,2597,2597
3,2598,2598
1,2599,2599
0,2600,2600
1,2601,2601
4,2602,2602
0,2603,2603
5,2604,2604
3,2605,2605
5,2606,2606
4,2607,2607
0,2608,2608
5,2609,2609
2,2610,2610
0,2611,2611
2,2612,2612
1,2613,2613
2,2614,2614
0,2615,2615
3,2616,2616
2,2617,2617
1,2618,2618
2,2619,2619
0,2620,2620
1,2621,2621
4,2622,2622
3,2623,2623
1,2624,2624
1,2625,2625
1,2626,2626
2,2627,2627
1,2628,2628
1,2629,2629
5,2630,2630
2,2631,2631
0,2632,2632
0,2633,2633
4,2634,2634
0,2635,2635
5,2636,2636
0,2637,2637
5,2638,2638
5,2639,2639
2,2640,2640
5,2641,2641
0,2642,2642
3,2643,2643
2,2644,2644
1,2645,2645
4,2646,2646
1,2647,2647
2,2648,2648
2,2649,2649
0,2650,2650
4,2651,2651
2,2652,2652
0,2653,2653
0,2654,2654
0,2655,2655
2,2656,2656
2,2657,2657
1,2658,2658
4,2659,2659
3,2660,2660
1,2661,2661
3,2662,2662
1,2663,2663
2,2664,2664
0,2665,2665
1,2666,2666
4,2667,2667
2,2668,2668
0,2669,2669
1,2670,2670
5,2671,2671
0,2672,2672
5,2673,2673
1,2674,2674
0,2675,2675
2,2676,2676
3,2677,2677
2,2678,2678
3,2679,2679
1,2680,2680
1,2681,2681
0,2682,2682
5,2683,2683
1,2684,2684
3,2685,2685
1,2686,2686
3,2687,2687
1,2688,2688
5,2689,2689
2,2690,2690
4,2691,2691
0,2692,2692
0,2693,2693
3,2694,2694
5,2695,2695
3,2696,2696
3,2697,2697
1,2698,2698
1,2699,2699
0,2700,2700
1,2701,2701
1,2702,2702
5,2703,2703
2,2704,2704
0,2705,2705
0,2706,2706
1,2707,2707
0,2708,2708
1,2709,2709
1,2710,2710
2,2711,2711
2,2712,2712
3,2713,2713
3,2714,2714
2,2715,2715
5,2716,2716
3,2717,2717
0,2718,2718
2,2719,2719
3,2720,2720
0,2721,2721
3,2722,2722
1,2723,2723
0,2724,2724
0,2725,2725
1,2726,2726
3,2727,2727
0,2728,2728
0,2729,2729
1,2730,2730
1,2731,2731
0,2732,2732
0,2733,2733
0,2734,2734
5,2735,2735
0,2736,2736
0,2737,2737
3,2738,2738
1,2739,2739
2,2740,2740
1,2741,2741
1,2742,2742
2,2743,2743
0,2744,2744
1,2745,2745
1,2746,2746
0,2747,2747
1,2748,2748
0,2749,2749
2,2750,2750
2,2751,2751
2,2752,2752
0,2753,2753
5,2754,2754
4,2755,2755
1,2756,2756
4,2757,2757
1,2758,2758
2,2759,2759
3,2760,2760
5,2761,2761
0,2762,2762
2,2763,2763
3,2764,2764
0,2765,2765
1,2766,2766
3,2767,2767
5,2768,2768
0,2769,2769
5,2770,2770
0,2771,2771
1,2772,2772
1,2773,2773
4,2774,2774
2,2775,2775
4,2776,2776
1,2777,2777
3,2778,2778
2,2779,2779
0,2780,2780
0,2781,2781
1,2782,2782
3,2783,2783
3,2784,2784
4,2785,2785
1,2786,2786
2,2787,2787
2,2788,2788
0,2789,2789
2,2790,2790
4,2791,2791
3,2792,2792
0,2793,2793
2,2794,2794
2,2795,2795
5,2796,2796
5,2797,2797
2,2798,2798
1,2799,2799
5,2800,2800
0,2801,2801
0,2802,2802
3,2803,2803
5,2804,2804
0,2805,2805
1,2806,2806
4,2807,2807
0,2808,2808
2,2809,2809
0,2810,2810
0,2811,2811
1,2812,2812
5,2813,2813
1,2814,2814
5,2815,2815
4,2816,2816
3,2817,2817
1,2818,2818
4,2819,2819
1,2820,2820
0,2821,2821
0,2822,2822
0,2823,2823
1,2824,2824
3,2825,2825
1,2826,2826
1,2827,2827
0,2828,2828
5,2829,2829
3,2830,2830
3,2831,2831
0,2832,2832
2,2833,2833
2,2834,2834
3,2835,2835
4,2836,2836
1,2837,2837
0,2838,2838
1,2839,2839
0,2840,2840
0,2841,2841
1,2842,2842
2,2843,2843
5,2844,2844
2,2845,2845
0,2846,2846
4,2847,2847
0,2848,2848
1,2849,2849
4,2850,2850
1,2851,2851
2,2852,2852
1,2853,2853
3,2854,2854
5,2855,2855
2,2856,2856
3,2857,2857
3,2858,2858
2,2859,2859
1,2860,2860
5,2861,2861
0,2862,2862
2,2863,2863
0,2864,2864
5,2865,2865
4,2866,2866
4,2867,2867
1,2868,2868
2,2869,2869
0,2870,2870
4,2871,2871
1,2872,2872
4,2873,2873
1,2874,2874
4,2875,2875
1,2876,2876
2,2877,2877
5,2878,2878
1,2879,2879
3,2880,2880
1,2881,2881
2,2882,2882
4,2883,2883
3,2884,2884
0,2885,2885
2,2886,2886
1,2887,2887
2,2888,2888
2,2889,2889
3,2890,2890
3,2891,2891
4,2892,2892
0,2893,2893
2,2894,2894
3,2895,2895
1,2896,2896
5,2897,2897
4,2898,2898
4,2899,2899
1,2900,2900
0,2901,2901
5,2902,2902
2,2903,2903
5,2904,2904
3,2905,2905
1,2906,2906
1,2907,2907
0,2908,2908
2,2909,2909
2,2910,2910
2,2911,2911
1,2912,2912
3,2913,2913
5,2914,2914
5,2915,2915
3,2916,2916
0,2917,2917
4,2918,2918
5,2919,2919
4,2920,2920
2,2921,2921
5,2922,2922
2,2923,2923
1,2924,2924
1,2925,2925
1,2926,2926
0,2927,2927
2,2928,2928
4,2929,2929
2,2930,2930
1,2931,2931
3,2932,2932
0,2933,2933
2,2934,2934
3,2935,2935
4,2936,2936
3,2937,2937
5,2938,2938
3,2939,2939
1,2940,2940
2,2941,2941
1,2942,2942
0,2943,2943
2,2944,2944
2,2945,2945
0,2946,2946
5,2947,2947
0,2948,2948
0,2949,2949
2,2950,2950
3,2951,2951
2,2952,2952
2,2953,2953
2,2954,2954
1,2955,2955
0,2956,2956
0,2957,2957
4,2958,2958
0,2959,2959
2,2960,2960
3,2961,2961
4,2962,2962
0,2963,2963
3,2964,2964
2,2965,2965
1,2966,2966
0,2967,2967
0,2968,2968
3,2969,2969
3,2970,2970
4,2971,2971
4,2972,2972
1,2973,2973
3,2974,2974
0,2975,2975
2,2976,2976
0,2977,2977
0,2978,2978
2,2979,2979
4,2980,2980
5,2981,2981
4,2982,2982
3,2983,2983
2,2984,2984
2,2985,2985
0,2986,2986
5,2987,2987
0,2988,2988
0,2989,2989
1,2990,2990
2,2991,2991
4,2992,2992
4,2993,2993
0,2994,2994
0,2995,2995
0,2996,2996
4,2997,2997
2,2998,2998
2,2999,2999
0,3000,3000
1,3001,3001
5,3002,3002
2,3003,3003
0,3004,3004
0,3005,3005
2,3006,3006
0,3007,3007
0,3008,3008
2,3009,3009
0,3010,3010
4,3011,3011
0,3012,3012
5,3013,3013
2,3014,3014
1,3015,3015
1,3016,3016
2,3017,3017
3,3018,3018
0,3019,3019
3,3020,3020
5,3021,3021
3,3022,3022
5,3023,3023
0,3024,3024
3,3025,3025
3,3026,3026
1,3027,3027
1,3028,3028
3,3029,3029
0,3030,3030
1,3031,3031
2,3032,3032
2,3033,3033
0,3034,3034
1,3035,3035
0,3036,3036
1,3037,3037
1,3038,3038
1,3039,3039
3,3040,3040
1,3041,3041
2,3042,3042
5,3043,3043
0,3044,3044
1,3045,3045
4,3046,3046
3,3047,3047
0,3048,3048
0,3049,3049
5,3050,3050
3,3051,3051
0,3052,3052
3,3053,3053
0,3054,3054
1,3055,3055
4,3056,3056
0,3057,3057
1,3058,3058
5,3059,3059
3,3060,3060
2,3061,3061
0,3062,3062
1,3063,3063
1,3064,3064
0,3065,3065
2,3066,3066
3,3067,3067
3,3068,3068
5,3069,3069
1,3070,3070
5,3071,3071
3,3072,3072
2,3073,3073
0,3074,3074
3,3075,3075
0,3076,3076
0,3077,3077
2,3078,3078
2,3079,3079
1,3080,3080
5,3081,3081
0,3082,3082
5,3083,3083
1,3084,3084
3,3085,3085
2,3086,3086
0,3087,3087
1,3088,3088
5,3089,3089
1,3090,3090
5,3091,3091
1,3092,3092
2,3093,3093
0,3094,3094
1,3095,3095
2,3096,3096
3,3097,3097
1,3098,3098
3,3099,3099
3,3100,3100
5,3101,3101
2,3102,3102
2,3103,3103
1,3104,3104
1,3105,3105
3,3106,3106
5,3107,3107
1,3108,3108
3,3109,3109
0,3110,3110
0,3111,3111
4,3112,3112
4,3113,3113
1,3114,3114
5,3115,3115
2,3116,3116
1,3117,3117
0,3118,3118
5,3119,3119
5,3120,3120
0,3121,3121
2,3122,3122
1,3123,3123
2,3124,3124
0,3125,3125
4,3126,3126
0,3127,3127
3,3128,3128
2,3129,3129
0,3130,3130
1,3131,3131
2,3132,3132
2,3133,3133
1,3134,3134
1,3135,3135
0,3136,3136
1,3137,3137
0,3138,3138
0,3139,3139
1,3140,3140
0,3141,3141
2,3142,3142
4,3143,3143
1,3144,3144
4,3145,3145
3,3146,3146
2,3147,3147
3,3148,3148
0,3149,3149
0,3150,3150
0,3151,3151
0,3152,3152
0,3153,3153
3,3154,3154
1,3155,3155
2,3156,3156
1,3157,3157
2,3158,3158
2,3159,3159
0,3160,3160
5,3161,3161
2,3162,3162
1,3163,3163
3,3164,3164
1,3165,3165
2,3166,3166
0,3167,3167
1,3168,3168
1,3169,3169
1,3170,3170
0,3171,3171
5,3172,3172
0,3173,3173
3,3174,3174
1,3175,3175
0,3176,3176
5,3177,3177
2,3178,3178
1,3179,3179
0,3180,3180
5,3181,3181
0,3182,3182
1,3183,3183
5,3184,3184
4,3185,3185
2,3186,3186
0,3187,3187
0,3188,3188
1,3189,3189
5,3190,3190
0,3191,3191
1,3192,3192
0,3193,3193
3,3194,3194
2,3195,3195
4,3196,3196
3,3197,3197
1,3198,3198
5,3199,3199
2,3200,3200
1,3201,3201
0,3202,3202
0,3203,3203
3,3204,3204
0,3205,3205
0,3206,3206
0,3207,3207
5,3208,3208
4,3209,3209
3,3210,3210
3,3211,3211
1,3212,3212
3,3213,3213
4,3214,3214
2,3215,3215
5,3216,3216
4,3217,3217
2,3218,3218
1,3219,3219
1,3220,3220
0,3221,3221
4,3222,3222
2,3223,3223
1,3224,3224
0,3225,3225
5,3226,3226
4,3227,3227
1,3228,3228
0,3229,3229
0,3230,3230
5,3231,3231
1,3232,3232
5,3233,3233
3,3234,3234
3,3235,3235
5,3236,3236
2,3237,3237
3,3238,3238
5,3239,3239
2,3240,3240
0,3241,3241
1,3242,3242
1,3243,3243
2,3244,3244
3,3245,3245
2,3246,3246
0,3247,3247
4,3248,3248
0,3249,3249
4,3250,3250
2,3251,3251
1,3252,3252
4,3253,3253
0,3254,3254
4,3255,3255
0,3256,3256
1,3257,3257
1,3258,3258
3,3259,3259
1,3260,3260
3,3261,3261
2,3262,3262
0,3263,3263
5,3264,3264
5,3265,3265
5,3266,3266
5,3267,3267
3,3268,3268
4,3269,3269
1,3270,3270
0,3271,3271
2,3272,3272
3,3273,3273
0,3274,3274
5,3275,3275
2,3276,3276
0,3277,3277
2,3278,3278
3,3279,3279
2,3280,3280
3,3281,3281
3,3282,3282
3,3283,3283
2,3284,3284
5,3285,3285
0,3286,3286
2,3287,3287
0,3288,3288
2,3289,3289
1,3290,3290
3,3291,3291
3,3292,3292
1,3293,3293
1,3294,3294
5,3295,3295
5,3296,3296
2,3297,3297
1,3298,3298
0,3299,3299
2,3300,3300
4,3301,3301
0,3302,3302
0,3303,3303
1,3304,3304
1,3305,3305
4,3306,3306
4,3307,3307
5,3308,3308
3,3309,3309
4,3310,3310
2,3311,3311
3,3312,3312
4,3313,3313
3,3314,3314
0,3315,3315
1,3316,3316
5,3317,3317
0,3318,3318
1,3319,3319
5,3320,3320
4,3321,3321
2,3322,3322
3,3323,3323
1,3324,3324
1,3325,3325
4,3326,3326
1,3327,3327
0,3328,3328
5,3329,3329
1,3330,3330
1,3331,3331
2,3332,3332
1,3333,3333
3,3334,3334
2,3335,3335
1,3336,3336
5,3337,3337
4,3338,3338
2,3339,3339
2,3340,3340
3,3341,3341
5,3342,3342
0,3343,3343
0,3344,3344
4,3345,3345
0,3346,3346
0,3347,3347
4,3348,3348
1,3349,3349
2,3350,3350
0,3351,3351
2,3352,3352
5,3353,3353
1,3354,3354
2,3355,3355
2,3356,3356
4,3357,3357
1,3358,3358
2,3359,3359
1,3360,3360
3,3361,3361
1,3362,3362
1,3363,3363
1,3364,3364
3,3365,3365
3,3366,3366
3,3367,3367
5,3368,3368
2,3369,3369
0,3370,3370
0,3371,3371
2,3372,3372
0,3373,3373
0,3374,3374
4,3375,3375
2,3376,3376
0,3377,3377
1,3378,3378
5,3379,3379
1,3380,3380
2,3381,3381
0,3382,3382
5,3383,3383
1,3384,3384
3,3385,3385
5,3386,3386
3,3387,3387
3,3388,3388
0,3389,3389
1,3390,3390
2,3391,3391
3,3392,3392
1,3393,3393
0,3394,3394
0,3395,3395
3,3396,3396
1,3397,3397
2,3398,3398
5,3399,3399
4,3400,3400
2,3401,3401
0,3402,3402
2,3403,3403
0,3404,3404
0,3405,3405
0,3406,3406
2,3407,3407
1,3408,3408
5,3409,3409
0,3410,3410
1,3411,3411
3,3412,3412
1,3413,3413
0,3414,3414
1,3415,3415
1,3416,3416
0,3417,3417
0,3418,3418
3,3419,3419
3,3420,3420
5,3421,3421
1,3422,3422
2,3423,3423
2,3424,3424
2,3425,3425
2,3426,3426
2,3427,3427
1,3428,3428
4,3429,3429
1,3430,3430
3,3431,3431
0,3432,3432
0,3433,3433
4,3434,3434
5,3435,3435
4,3436,3436
0,3437,3437
0,3438,3438
2,3439,3439
3,3440,3440
0,3441,3441
2,3442,3442
4,3443,3443
1,3444,3444
2,3445,3445
3,3446,3446
5,3447,3447
3,3448,3448
3,3449,3449
0,3450,3450
3,3451,3451
3,3452,3452
5,3453,3453
1,3454,3454
4,3455,3455
3,3456,3456
2,3457,3457
1,3458,3458
0,3459,3459
0,3460,3460
2,3461,3461
5,3462,3462
2,3463,3463
4,3464,3464
2,3465,3465
3,3466,3466
2,3467,3467
1,3468,3468
2,3469,3469
3,3470,3470
4,3471,3471
0,3472,3472
4,3473,3473
4,3474,3474
0,3475,3475
0,3476,3476
0,3477,3477
2,3478,3478
2,3479,3479
0,3480,3480
2,3481,3481
4,3482,3482
3,3483,3483
5,3484,3484
3,3485,3485
2,3486,3486
1,3487,3487
2,3488,3488
5,3489,3489
3,3490,3490
3,3491,3491
0,3492,3492
0,3493,3493
2,3494,3494
2,3495,3495
3,3496,3496
0,3497,3497
2,3498,3498
5,3499,3499
5,3500,3500
3,3501,3501
2,3502,3502
0,3503,3503
2,3504,3504
2,3505,3505
0,3506,3506
0,3507,3507
2,3508,3508
3,3509,3509
1,3510,3510
1,3511,3511
0,3512,3512
2,3513,3513
5,3514,3514
4,3515,3515
3,3516,3516
2,3517,3517
4,3518,3518
2,3519,3519
2,3520,3520
4,3521,3521
1,3522,3522
1,3523,3523
0,3524,3524
1,3525,3525
4,3526,3526
3,3527,3527
5,3528,3528
2,3529,3529
2,3530,3530
2,3531,3531
3,3532,3532
5,3533,3533
3,3534,3534
1,3535,3535
0,3536,3536
4,3537,3537
2,3538,3538
2,3539,3539
1,3540,3540
0,3541,3541
4,3542,3542
1,3543,3543
3,3544,3544
4,3545,3545
1,3546,3546
2,3547,3547
4,3548,3548
0,3549,3549
1,3550,3550
0,3551,3551
1,3552,3552
4,3553,3553
2,3554,3554
5,3555,3555
4,3556,3556
2,3557,3557
2,3558,3558
5,3559,3559
4,3560,3560
2,3561,3561
0,3562,3562
3,3563,3563
2,3564,3564
0,3565,3565
1,3566,3566
2,3567,3567
2,3568,3568
3,3569,3569
5,3570,3570
3,3571,3571
4,3572,3572
2,3573,3573
2,3574,3574
0,3575,3575
0,3576,3576
1,3577,3577
5,3578,3578
5,3579,3579
1,3580,3580
3,3581,3581
1,3582,3582
2,3583,3583
1,3584,3584
2,3585,3585
1,3586,3586
0,3587,3587
3,3588,3588
0,3589,3589
0,3590,3590
2,3591,3591
2,3592,3592
5,3593,3593
2,3594,3594
1,3595,3595
3,3596,3596
1,3597,3597
0,3598,3598
0,3599,3599
3,3600,3600
1,3601,3601
1,3602,3602
0,3603,3603
0,3604,3604
5,3605,3605
0,3606,3606
3,3607,3607
1,3608,3608
0,3609,3609
2,3610,3610
0,3611,3611
4,3612,3612
3,3613,3613
5,3614,3614
5,3615,3615
1,3616,3616
5,3617,3617
4,3618,3618
0,3619,3619
4,3620,3620
1,3621,3621
2,3622,3622
0,3623,3623
2,3624,3624
1,3625,3625
0,3626,3626
5,3627,3627
0,3628,3628
2,3629,3629
2,3630,3630
3,3631,3631
0,3632,3632
2,3633,3633
1,3634,3634
0,3635,3635
4,3636,3636
1,3637,3637
5,3638,3638
0,3639,3639
0,3640,3640
5,3641,3641
0,3642,3642
0,3643,3643
3,3644,3644
1,3645,3645
4,3646,3646
2,3647,3647
0,3648,3648
2,3649,3649
2,3650,3650
2,3651,3651
1,3652,3652
1,3653,3653
3,3654,3654
2,3655,3655
1,3656,3656
1,3657,3657
1,3658,3658
3,3659,3659
0,3660,3660
4,3661,3661
2,3662,3662
2,3663,3663
1,3664,3664
5,3665,3665
3,3666,3666
3,3667,3667
2,3668,3668
3,3669,3669
5,3670,3670
1,3671,3671
0,3672,3672
0,3673,3673
0,3674,3674
2,3675,3675
1,3676,3676
4,3677,3677
4,3678,3678
1,3679,3679
4,3680,3680
3,3681,3681
1,3682,3682
0,3683,3683
0,3684,3684
3,3685,3685
1,3686,3686
5,3687,3687
4,3688,3688
4,3689,3689
1,3690,3690
0,3691,3691
0,3692,3692
0,3693,3693
3,3694,3694
4,3695,3695
3,3696,3696
2,3697,3697
0,3698,3698
1,3699,3699
4,3700,3700
1,3701,3701
1,3702,3702
3,3703,3703
2,3704,3704
1,3705,3705
3,3706,3706
5,3707,3707
2,3708,3708
2,3709,3709
3,3710,3710
4,3711,3711
5,3712,3712
4,3713,3713
1,3714,3714
5,3715,3715
4,3716,3716
2,3717,3717
0,3718,3718
0,3719,3719
0,3720,3720
2,3721,3721
2,3722,3722
2,3723,3723
0,3724,3724
5,3725,3725
1,3726,3726
3,3727,3727
5,3728,3728
4,3729,3729
0,3730,3730
0,3731,3731
1,3732,3732
4,3733,3733
4,3734,3734
4,3735,3735
3,3736,3736
2,3737,3737
3,3738,3738
4,3739,3739
0,3740,3740
1,3741,3741
0,3742,3742
2,3743,3743
3,3744,3744
3,3745,3745
0,3746,3746
0,3747,3747
1,3748,3748
1,3749,3749
5,3750,3750
0,3751,3751
1,3752,3752
1,3753,3753
4,3754,3754
0,3755,3755
0,3756,3756
4,3757,3757
4,3758,3758
2,3759,3759
0,3760,3760
5,3761,3761
5,3762,3762
1,3763,3763
2,3764,3764
0,3765,3765
5,3766,3766
1,3767,3767
1,3768,3768
2,3769,3769
3,3770,3770
0,3771,3771
1,3772,3772
2,3773,3773
2,3774,3774
1,3775,3775
2,3776,3776
2,3777,3777
1,3778,3778
4,3779,3779
5,3780,3780
2,3781,3781
2,3782,3782
0,3783,3783
1,3784,3784
0,3785,3785
1,3786,3786
3,3787,3787
0,3788,3788
4,3789,3789
0,3790,3790
5,3791,3791
1,3792,3792
1,3793,3793
4,3794,3794
4,3795,3795
4,3796,3796
5,3797,3797
2,3798,3798
4,3799,3799
2,3800,3800
1,3801,3801
3,3802,3802
0,3803,3803
2,3804,3804
1,3805,3805
1,3806,3806
0,3807,3807
3,3808,3808
5,3809,3809
2,3810,3810
4,3811,3811
2,3812,3812
1,3813,3813
4,3814,3814
0,3815,3815
0,3816,3816
1,3817,3817
1,3818,3818
5,3819,3819
0,3820,3820
0,3821,3821
5,3822,3822
5,3823,3823
0,3824,3824
3,3825,3825
5,3826,3826
0,3827,3827
3,3828,3828
0,3829,3829
2,3830,3830
0,3831,3831
2,3832,3832
3,3833,3833
4,3834,3834
4,3835,3835
5,3836,3836
1,3837,3837
2,3838,3838
1,3839,3839
5,3840,3840
2,3841,3841
5,3842,3842
1,3843,3843
0,3844,3844
4,3845,3845
3,3846,3846
3,3847,3847
1,3848,3848
5,3849,3849
3,3850,3850
0,3851,3851
3,3852,3852
5,3853,3853
3,3854,3854
5,3855,3855
3,3856,3856
1,3857,3857
0,3858,3858
1,3859,3859
1,3860,3860
0,3861,3861
0,3862,3862
0,3863,3863
1,3864,3864
1,3865,3865
0,3866,3866
1,3867,3867
1,3868,3868
4,3869,3869
4,3870,3870
3,3871,3871
0,3872,3872
1,3873,3873
1,3874,3874
0,3875,3875
1,3876,3876
4,3877,3877
5,3878,3878
1,3879,3879
1,3880,3880
2,3881,3881
2,3882,3882
2,3883,3883
4,3884,3884
0,3885,3885
4,3886,3886
1,3887,3887
1,3888,3888
4,3889,3889
1,3890,3890
3,3891,3891
1,3892,3892
3,3893,3893
1,3894,3894
3,3895,3895
1,3896,3896
0,3897,3897
0,3898,3898
3,3899,3899
5,3900,3900
2,3901,3901
1,3902,3902
0,3903,3903
5,3904,3904
1,3905,3905
2,3906,3906
3,3907,3907
0,3908,3908
4,3909,3909
3,3910,3910
1,3911,3911
2,3912,3912
1,3913,3913
2,3914,3914
4,3915,3915
0,3916,3916
2,3917,3917
5,3918,3918
0,3919,3919
3,3920,3920
1,3921,3921
5,3922,3922
3,3923,3923
1,3924,3924
0,3925,3925
3,3926,3926
2,3927,3927
2,3928,3928
0,3929,3929
1,3930,3930
0,3931,3931
5,3932,3932
5,3933,3933
3,3934,3934
3,3935,3935
0,3936,3936
5,3937,3937
2,3938,3938
2,3939,3939
3,3940,3940
1,3941,3941
5,3942,3942
2,3943,3943
4,3944,3944
4,3945,3945
2,3946,3946
2,3947,3947
1,3948,3948
4,3949,3949
4,3950,3950
2,3951,3951
0,3952,3952
2,3953,3953
4,3954,3954
2,3955,3955
0,3956,3956
5,3957,3957
3,3958,3958
0,3959,3959
0,3960,3960
0,3961,3961
0,3962,3962
3,3963,3963
5,3964,3964
0,3965,3965
0,3966,3966
4,3967,3967
3,3968,3968
5,3969,3969
4,3970,3970
3,3971,3971
0,3972,3972
0,3973,3973
1,3974,3974
2,3975,3975
1,3976,3976
4,3977,3977
4,3978,3978
2,3979,3979
5,3980,3980
0,3981,3981
5,3982,3982
0,3983,3983
1,3984,3984
5,3985,3985
1,3986,3986
3,3987,3987
3,3988,3988
3,3989,3989
5,3990,3990
0,3991,3991
4,3992,3992
1,3993,3993
5,3994,3994
0,3995,3995
2,3996,3996
0,3997,3997
2,3998,3998
0,3999,3999
3,4000,4000
0,4001,4001
0,4002,4002
5,4003,4003
3,4004,4004
1,4005,4005
0,4006,4006
0,4007,4007
1,4008,4008
1,4009,4009
0,4010,4010
4,4011,4011
2,4012,4012
1,4013,4013
1,4014,4014
4,4015,4015
5,4016,4016
1,4017,4017
1,4018,4018
0,4019,4019
3,4020,4020
2,4021,4021
1,4022,4022
2,4023,4023
4,4024,4024
1,4025,4025
2,4026,4026
5,4027,4027
3,4028,4028
0,4029,4029
2,4030,4030
2,4031,4031
5,4032,4032
1,4033,4033
2,4034,4034
3,4035,4035
5,4036,4036
5,4037,4037
1,4038,4038
1,4039,4039
1,4040,4040
0,4041,4041
4,4042,4042
3,4043,4043
2,4044,4044
1,4045,4045
2,4046,4046
2,4047,4047
3,4048,4048
0,4049,4049
1,4050,4050
5,4051,4051
1,4052,4052
1,4053,4053
3,4054,4054
3,4055,4055
1,4056,4056
5,4057,4057
0,4058,4058
2,4059,4059
2,4060,4060
0,4061,4061
0,4062,4062
0,4063,4063
3,4064,4064
2,4065,4065
0,4066,4066
3,4067,4067
3,4068,4068
1,4069,4069
1,4070,4070
4,4071,4071
1,4072,4072
0,4073,4073
0,4074,4074
2,4075,4075
3,4076,4076
3,4077,4077
3,4078,4078
2,4079,4079
1,4080,4080
1,4081,4081
0,4082,4082
0,4083,4083
1,4084,4084
0,4085,4085
0,4086,4086
5,4087,4087
1,4088,4088
0,4089,4089
1,4090,4090
0,4091,4091
3,4092,4092
4,4093,4093
0,4094,4094
2,4095,4095
1,4096,4096
5,4097,4097
1,4098,4098
1,4099,4099
4,4100,4100
1,4101,4101
3,4102,4102
5,4103,4103
0,4104,4104
1,4105,4105
0,4106,4106
0,4107,4107
5,4108,4108
1,4109,4109
1,4110,4110
2,4111,4111
0,4112,4112
3,4113,4113
2,4114,4114
2,4115,4115
4,4116,4116
2,4117,4117
1,4118,4118
5,4119,4119
2,4120,4120
4,4121,4121
0,4122,4122
2,4123,4123
0,4124,4124
4,4125,4125
1,4126,4126
0,4127,4127
2,4128,4128
2,4129,4129
3,4130,4130
0,4131,4131
2,4132,4132
2,4133,4133
5,4134,4134
0,4135,4135
3,4136,4136
1,4137,4137
4,4138,4138
5,4139,4139
3,4140,4140
5,4141,4141
0,4142,4142
1,4143,4143
3,4144,4144
3,4145,4145
0,4146,4146
2,4147,4147
1,4148,4148
1,4149,4149
5,4150,4150
2,4151,4151
1,4152,4152
0,4153,4153
0,4154,4154
0,4155,4155
5,4156,4156
4,4157,4157
0,4158,4158
2,4159,4159
1,4160,4160
2,4161,4161
3,4162,4162
4,4163,4163
1,4164,4164
1,4165,4165
2,4166,4166
0,4167,4167
0,4168,4168
0,4169,4169
1,4170,4170
1,4171,4171
4,4172,4172
1,4173,4173
1,4174,4174
5,4175,4175
1,4176,4176
0,4177,4177
5,4178,4178
5,4179,4179
5,4180,4180
1,4181,4181
3,4182,4182
1,4183,4183
4,4184,4184
0,4185,4185
4,4186,4186
1,4187,4187
1,4188,4188
1,4189,4189
0,4190,4190
0,4191,4191
4,4192,4192
1,4193,4193
2,4194,4194
4,4195,4195
4,4196,4196
0,4197,4197
1,4198,4198
4,4199,4199
1,4200,4200
1,4201,4201
2,4202,4202
5,4203,4203
1,4204,4204
0,4205,4205
0,4206,4206
1,4207,4207
5,4208,4208
2,4209,4209
5,4210,4210
5,4211,4211
2,4212,4212
4,4213,4213
0,4214,4214
4,4215,4215
4,4216,4216
1,4217,4217
2,4218,4218
2,4219,4219
0,4220,4220
2,4221,4221
2,4222,4222
4,4223,4223
5,4224,4224
3,4225,4225
0,4226,4226
0,4227,4227
1,4228,4228
4,4229,4229
0,4230,4230
4,4231,4231
1,4232,4232
1,4233,4233
0,4234,4234
3,4235,4235
2,4236,4236
2,4237,4237
2,4238,4238
0,4239,4239
3,4240,4240
0,4241,4241
4,4242,4242
5,4243,4243
5,4244,4244
1,4245,4245
1,4246,4246
5,4247,4247
4,4248,4248
3,4249,4249
5,4250,4250
0,4251,4251
0,4252,4252
2,4253,4253
3,4254,4254
0,4255,4255
3,4256,4256
3,4257,4257
5,4258,4258
3,4259,4259
2,4260,4260
2,4261,4261
1,4262,4262
0,4263,4263
0,4264,4264
0,4265,4265
0,4266,4266
4,4267,4267
1,4268,4268
3,4269,4269
0,4270,4270
0,4271,4271
0,4272,4272
4,4273,4273
5,4274,4274
3,4275,4275
1,4276,4276
3,4277,4277
2,4278,4278
5,4279,4279
4,4280,4280
2,4281,4281
3,4282,4282
0,4283,4283
2,4284,4284
3,4285,4285
0,4286,4286
2,4287,4287
0,4288,4288
4,4289,4289
1,4290,4290
2,4291,4291
0,4292,4292
0,4293,4293
1,4294,4294
5,4295,4295
3,4296,4296
0,4297,4297
4,4298,4298
5,4299,4299
0,4300,4300
3,4301,4301
4,4302,4302
1,4303,4303
3,4304,4304
2,4305,4305
1,4306,4306
0,4307,4307
4,4308,4308
1,4309,4309
3,4310,4310
0,4311,4311
5,4312,4312
1,4313,4313
5,4314,4314
5,4315,4315
0,4316,4316
0,4317,4317
2,4318,4318
1,4319,4319
2,4320,4320
1,4321,4321
0,4322,4322
2,4323,4323
1,4324,4324
2,4325,4325
0,4326,4326
2,4327,4327
0,4328,4328
0,4329,4329
1,4330,4330
4,4331,4331
1,4332,4332
2,4333,4333
5,4334,4334
0,4335,4335
5,4336,4336
1,4337,4337
2,4338,4338
0,4339,4339
1,4340,4340
1,4341,4341
2,4342,4342
1,4343,4343
5,4344,4344
5,4345,4345
1,4346,4346
0,4347,4347
3,4348,4348
2,4349,4349
0,4350,4350
2,4351,4351
4,4352,4352
2,4353,4353
0,4354,4354
5,4355,4355
1,4356,4356
3,4357,4357
1,4358,4358
0,4359,4359
1,4360,4360
2,4361,4361
2,4362,4362
3,4363,4363
3,4364,4364
0,4365,4365
2,4366,4366
2,4367,4367
0,4368,4368
3,4369,4369
2,4370,4370
1,4371,4371
3,4372,4372
0,4373,4373
0,4374,4374
1,4375,4375
1,4376,4376
4,4377,4377
3,4378,4378
0,4379,4379
0,4380,4380
2,4381,4381
0,4382,4382
4,4383,4383
0,4384,4384
0,4385,4385
1,4386,4386
1,4387,4387
2,4388,4388
1,4389,4389
5,4390,4390
4,4391,4391
0,4392,4392
1,4393,4393
1,4394,4394
2,4395,4395
0,4396,4396
0,4397,4397
5,4398,4398
3,4399,4399
0,4400,4400
5,4401,4401
2,4402,4402
3,4403,4403
4,4404,4404
5,4405,4405
0,4406,4406
1,4407,4407
0,4408,4408
3,4409,4409
1,4410,4410
0,4411,4411
2,4412,4412
0,4413,4413
0,4414,4414
0,4415,4415
1,4416,4416
5,4417,4417
3,4418,4418
1,4419,4419
1,4420,4420
3,4421,4421
3,4422,4422
5,4423,4423
0,4424,4424
1,4425,4425
1,4426,4426
0,4427,4427
2,4428,4428
1,4429,4429
1,4430,4430
0,4431,4431
1,4432,4432
2,4433,4433
2,4434,4434
1,4435,4435
1,4436,4436
1,4437,4437
2,4438,4438
2,4439,4439
3,4440,4440
2,4441,4441
0,4442,4442
0,4443,4443
1,4444,4444
1,4445,4445
1,4446,4446
1,4447,4447
2,4448,4448
5,4449,4449
2,4450,4450
1,4451,4451
4,4452,4452
4,4453,4453
3,4454,4454
0,4455,4455
1,4456,4456
0,4457,4457
3,4458,4458
4,4459,4459
2,4460,4460
1,4461,4461
0,4462,4462
5,4463,4463
0,4464,4464
0,4465,4465
4,4466,4466
4,4467,4467
0,4468,4468
1,4469,4469
0,4470,4470
5,4471,4471
4,4472,4472
3,4473,4473
3,4474,4474
0,4475,4475
0,4476,4476
3,4477,4477
0,4478,4478
2,4479,4479
0,4480,4480
0,4481,4481
2,4482,4482
1,4483,4483
0,4484,4484
5,4485,4485
5,4486,4486
4,4487,4487
2,4488,4488
1,4489,4489
5,4490,4490
5,4491,4491
1,4492,4492
1,4493,4493
3,4494,4494
1,4495,4495
3,4496,4496
2,4497,4497
2,4498,4498
1,4499,4499
4,4500,4500
1,4501,4501
1,4502,4502
2,4503,4503
5,4504,4504
2,4505,4505
1,4506,4506
0,4507,4507
1,4508,4508
5,4509,4509
3,4510,4510
0,4511,4511
3,4512,4512
2,4513,4513
1,4514,4514
1,4515,4515
1,4516,4516
1,4517,4517
3,4518,4518
5,4519,4519
0,4520,4520
5,4521,4521
2,4522,4522
2,4523,4523
2,4524,4524
5,4525,4525
2,4526,4526
1,4527,4527
2,4528,4528
1,4529,4529
0,4530,4530
0,4531,4531
4,4532,4532
2,4533,4533
0,4534,4534
3,4535,4535
2,4536,4536
1,4537,4537
5,4538,4538
4,4539,4539
4,4540,4540
2,4541,4541
2,4542,4542
2,4543,4543
1,4544,4544
2,4545,4545
5,4546,4546
5,4547,4547
0,4548,4548
4,4549,4549
0,4550,4550
5,4551,4551
2,4552,4552
3,4553,4553
1,4554,4554
3,4555,4555
5,4556,4556
1,4557,4557
1,4558,4558
2,4559,4559
0,4560,4560
2,4561,4561
1,4562,4562
0,4563,4563
0,4564,4564
5,4565,4565
5,4566,4566
0,4567,4567
1,4568,4568
4,4569,4569
2,4570,4570
2,4571,4571
0,4572,4572
5,4573,4573
2,4574,4574
0,4575,4575
1,4576,4576
1,4577,4577
0,4578,4578
5,4579,4579
0,4580,4580
2,4581,4581
5,4582,4582
0,4583,4583
3,4584,4584
1,4585,4585
0,4586,4586
2,4587,4587
1,4588,4588
1,4589,4589
4,4590,4590
1,4591,4591
5,4592,4592
5,4593,4593
5,4594,4594
3,4595,4595
4,4596,4596
3,4597,4597
0,4598,4598
3,4599,4599
4,4600,4600
1,4601,4601
0,4602,4602
0,4603,4603
0,4604,4604
1,4605,4605
1,4606,4606
2,4607,4607
1,4608,4608
1,4609,4609
5,4610,4610
3,4611,4611
4,4612,4612
2,4613,4613
1,4614,4614
0,4615,4615
0,4616,4616
4,4617,4617
1,4618,4618
1,4619,4619
2,4620,4620
5,4621,4621
3,4622,4622
3,4623,4623
5,4624,4624
4,4625,4625
1,4626,4626
1,4627,4627
0,4628,4628
2,4629,4629
2,4630,4630
5,4631,4631
0,4632,4632
4,4633,4633
4,4634,4634
3,4635,4635
5,4636,4636
0,4637,4637
5,4638,4638
4,4639,4639
0,4640,4640
0,4641,4641
2,4642,4642
0,4643,4643
5,4644,4644
1,4645,4645
1,4646,4646
2,4647,4647
2,4648,4648
4,4649,4649
2,4650,4650
1,4651,4651
3,4652,4652
1,4653,4653
0,4654,4654
0,4655,4655
2,4656,4656
5,4657,4657
5,4658,4658
3,4659,4659
5,4660,4660
1,4661,4661
5,4662,4662
0,4663,4663
1,4664,4664
1,4665,4665
1,4666,4666
1,4667,4667
2,4668,4668
2,4669,4669
1,4670,4670
2,4671,4671
4,4672,4672
1,4673,4673
1,4674,4674
4,4675,4675
2,4676,4676
1,4677,4677
1,4678,4678
1,4679,4679
2,4680,4680
1,4681,4681
3,4682,4682
4,4683,4683
2,4684,4684
4,4685,4685
1,4686,4686
0,4687,4687
4,4688,4688
1,4689,4689
4,4690,4690
3,4691,4691
5,4692,4692
3,4693,4693
1,4694,4694
2,4695,4695
1,4696,4696
2,4697,4697
3,4698,4698
5,4699,4699
3,4700,4700
3,4701,4701
1,4702,4702
4,4703,4703
1,4704,4704
0,4705,4705
0,4706,4706
2,4707,4707
1,4708,4708
2,4709,4709
5,4710,4710
1,4711,4711
3,4712,4712
0,4713,4713
4,4714,4714
3,4715,4715
0,4716,4716
2,4717,4717
5,4718,4718
5,4719,4719
1,4720,4720
3,4721,4721
2,4722,4722
5,4723,4723
1,4724,4724
2,4725,4725
1,4726,4726
0,4727,4727
3,4728,4728
1,4729,4729
5,4730,4730
4,4731,4731
0,4732,4732
2,4733,4733
5,4734,4734
2,4735,4735
1,4736,4736
5,4737,4737
4,4738,4738
0,4739,4739
4,4740,4740
0,4741,4741
1,4742,4742
5,4743,4743
4,4744,4744
0,4745,4745
5,4746,4746
1,4747,4747
2,4748,4748
0,4749,4749
4,4750,4750
4,4751,4751
0,4752,4752
0,4753,4753
4,4754,4754
3,4755,4755
3,4756,4756
1,4757,4757
2,4758,4758
3,4759,4759
3,4760,4760
1,4761,4761
0,4762,4762
5,4763,4763
1,4764,4764
3,4765,4765
0,4766,4766
0,4767,4767
1,4768,4768
3,4769,4769
5,4770,4770
1,4771,4771
3,4772,4772
0,4773,4773
1,4774,4774
3,4775,4775
1,4776,4776
5,4777,4777
4,4778,4778
5,4779,4779
0,4780,4780
3,4781,4781
5,4782,4782
2,4783,4783
4,4784,4784
5,4785,4785
0,4786,4786
2,4787,4787
5,4788,4788
2,4789,4789
2,4790,4790
0,4791,4791
5,4792,4792
0,4793,4793
3,4794,4794
1,4795,4795
2,4796,4796
1,4797,4797
2,4798,4798
0,4799,4799
0,4800,4800
4,4801,4801
3,4802,4802
1,4803,4803
5,4804,4804
0,4805,4805
2,4806,4806
0,4807,4807
0,4808,4808
1,4809,4809
1,4810,4810
4,4811,4811
0,4812,4812
1,4813,4813
3,4814,4814
4,4815,4815
1,4816,4816
3,4817,4817
3,4818,4818
0,4819,4819
0,4820,4820
3,4821,4821
0,4822,4822
2,4823,4823
3,4824,4824
1,4825,4825
4,4826,4826
1,4827,4827
3,4828,4828
0,4829,4829
4,4830,4830
1,4831,4831
5,4832,4832
5,4833,4833
2,4834,4834
4,4835,4835
5,4836,4836
5,4837,4837
0,4838,4838
1,4839,4839
1,4840,4840
1,4841,4841
2,4842,4842
1,4843,4843
1,4844,4844
0,4845,4845
3,4846,4846
0,4847,4847
1,4848,4848
1,4849,4849
2,4850,4850
4,4851,4851
0,4852,4852
5,4853,4853
5,4854,4854
0,4855,4855
2,4856,4856
5,4857,4857
1,4858,4858
1,4859,4859
5,4860,4860
1,4861,4861
3,4862,4862
0,4863,4863
4,4864,4864
0,4865,4865
4,4866,4866
5,4867,4867
2,4868,4868
0,4869,4869
2,4870,4870
1,4871,4871
2,4872,4872
4,4873,4873
5,4874,4874
3,4875,4875
3,4876,4876
3,4877,4877
0,4878,4878
3,4879,4879
1,4880,4880
0,4881,4881
2,4882,4882
0,4883,4883
2,4884,4884
0,4885,4885
0,4886,4886
2,4887,4887
2,4888,4888
1,4889,4889
3,4890,4890
5,4891,4891
5,4892,4892
0,4893,4893
3,4894,4894
1,4895,4895
2,4896,4896
0,4897,4897
2,4898,4898
0,4899,4899
2,4900,4900
1,4901,4901
3,4902,4902
1,4903,4903
1,4904,4904
2,4905,4905
1,4906,4906
2,4907,4907
2,4908,4908
5,4909,4909
5,4910,4910
0,4911,4911
5,4912,4912
2,4913,4913
2,4914,4914
1,4915,4915
1,4916,4916
0,4917,4917
4,4918,4918
2,4919,4919
2,4920,4920
0,4921,4921
2,4922,4922
0,4923,4923
1,4924,4924
5,4925,4925
5,4926,4926
5,4927,4927
1,4928,4928
3,4929,4929
0,4930,4930
4,4931,4931
1,4932,4932
3,4933,4933
1,4934,4934
3,4935,4935
0,4936,4936
0,4937,4937
5,4938,4938
2,4939,4939
2,4940,4940
5,4941,4941
2,4942,4942
1,4943,4943
5,4944,4944
2,4945,4945
1,4946,4946
4,4947,4947
0,4948,4948
4,4949,4949
2,4950,4950
0,4951,4951
4,4952,4952
1,4953,4953
1,4954,4954
0,4955,4955
4,4956,4956
3,4957,4957
1,4958,4958
2,4959,4959
5,4960,4960
1,4961,4961
2,4962,4962
1,4963,4963
1,4964,4964
4,4965,4965
0,4966,4966
1,4967,4967
2,4968,4968
1,4969,4969
4,4970,4970
0,4971,4971
1,4972,4972
0,4973,4973
1,4974,4974
4,4975,4975
3,4976,4976
1,4977,4977
0,4978,4978
4,4979,4979
5,4980,4980
0,4981,4981
3,4982,4982
5,4983,4983
3,4984,4984
2,4985,4985
0,4986,4986
1,4987,4987
0,4988,4988
5,4989,4989
5,4990,4990
0,4991,4991
2,4992,4992
5,4993,4993
2,4994,4994
3,4995,4995
4,4996,4996
0,4997,4997
2,4998,4998
3,4999,4999
